conversation_id_str;created_at;favorite_count;full_text;id_str;image_url;in_reply_to_screen_name;lang;location;quote_count;reply_count;retweet_count;tweet_url;user_id_str;username
1,83811E+18;Mon Sep 23 07:13:42 +0000 2024;0;Luar Biasa! Desain Interior Istana Garuda IKN Karya Anak Bangsa. Sekretaris Cellos Putusin Sobek Kali Bekasi https://t.co/47VyLfuHag;1,83811E+18;https://pbs.twimg.com/media/GYJLNMQbgAAkixB.jpg;;in;;0;0;0;https://x.com/SharaAcbar/status/1838114504087101794;1,54019E+18;SharaAcbar
1,83766E+18;Sun Sep 22 01:17:25 +0000 2024;1;Desain Istana Garuda IKN Terinspirasi Penyatuan 1.300 Suku Indonesia Speed L yogyakarta big L minggir lu miskin malming papua iphone 15 minggu #HMSTR https://t.co/eT2xdwwdEv;1,83766E+18;https://pbs.twimg.com/media/GYCu-8Qb0AELrnb.jpg;;in;;0;1;1;https://x.com/RajaHadian/status/1837662452039012610;1,63076E+18;RajaHadian
1,8344E+18;Fri Sep 13 01:01:54 +0000 2024;0;Patung Garuda di Istana Garuda Ibu Kota Nusantara (IKN) sudah mulai berubah warna menjadi hijau. Semula berwarna gelap kemerah-merahan ketika selesai dibangun kini warna Patung Garuda berubah seperti desain awalnya #TGIMKBFM https://t.co/F8RHFOpwq6;1,8344E+18;;;in;Malang, Indonesia;0;0;0;https://x.com/kalimaya_malang/status/1834397058146730066;280794125;kalimaya_malang
1,83437E+18;Thu Sep 12 23:08:35 +0000 2024;24;Patung Garuda¬†di Istana Garuda Ibu Kota Nusantara (IKN) sudah mulai berubah warna menjadi hijau.Semula berwarna gelap kemerah-merahan ketika selesai dibangun kini warna Patung Garuda berubah seperti desain awalnya. Cherry Lai Indodax Towel Belanda PSSI Gadis Kretek Malam Jumat https://t.co/VZSgNW6pKc;1,83437E+18;https://pbs.twimg.com/media/GXT8d0VakAA0cVC.jpg;;in;;2;8;15;https://x.com/Nidyna10/status/1834368540968960127;1,71031E+18;Nidyna10
1,83437E+18;Thu Sep 12 23:02:27 +0000 2024;21;Patung Garuda di Istana Garuda IKN sudah mulai berubah warna menjadi hijau.¬†Semula berwarna gelap kemerah-merahan ketika selesai dibangun kini warna Patung Garuda berubah seperti desain awalnya. #eSportPON2024 Cherry Lai Indodax Towel Belanda PSSI Gadis Kretek Malam Jumat https://t.co/3A7TRCJixn;1,83437E+18;https://pbs.twimg.com/media/GXT7Cw_bgAA3NQm.jpg;;in;DKI Jakarta, Indonesia;0;6;13;https://x.com/rasa2086/status/1834366995481203007;1,29049E+18;rasa2086
1,83334E+18;Tue Sep 10 03:19:43 +0000 2024;0;Patung Garuda yang megah di Istana Garuda IKN kini mengalami perubahan warna yang signifikan. Setelah awalnya tampak berwarna gelap kemerah-merahan patung ini kini mulai menunjukkan warna hijau yang sesuai dengan desain awalnya. Yuk Baca Beritanya https://t.co/ovqyZxbxmn;1,83334E+18;;;in;Samarinda;0;0;0;https://x.com/ExposeKaltim/status/1833344574447604192;1,80221E+18;ExposeKaltim
1,82983E+18;Sat Aug 31 10:46:37 +0000 2024;0;Bongkar aja Cek Fakta: Desain Istana Garuda IKN saat Ini Ternyata Bukan Desain Awal sudah Diubah karena Alasan Ketinggalan Zaman https://t.co/05wjKYPjM8;1,82983E+18;;;in;Indonesian;0;0;0;https://x.com/Bons631/status/1829833162392027491;1,34732E+18;Bons631
1,82977E+18;Sat Aug 31 06:28:23 +0000 2024;0;Menurut saya ini bkn melulu kehendak Pak Jokowi semata.. IKN dicetuskan ktk pas menang Pilpres 2019.. melihat desain dan arsitek dr istana negara saya curiga bhw ada andil besar dr Ibu Mega trhdp ide bentuk istana garuda.. pd wkt itu pengaruh beliau dlm pmrntahan Pak Jkw besar ;1,82977E+18;;;in;;0;0;0;https://x.com/Masdjodi1/status/1829768178940928277;1,06959E+18;Masdjodi1
1,82882E+18;Wed Aug 28 15:58:19 +0000 2024;0;Bukan Istana Garuda Karya Nyoman Nuarta Inilah Juara 1 Sayembara Desain IKN yang Tak Dipakai Jokowi karena.... https://t.co/tU42vnUefq;1,82882E+18;;;in;;0;0;0;https://x.com/i_sujari31350/status/1828824441842979145;1,63896E+18;i_sujari31350
1,82875E+18;Wed Aug 28 11:05:23 +0000 2024;30;KETIKA PEMENANG BUKAN YANG DIJADIKAN IKN. Bukan Istana Garuda Karya Nyoman Nuarta Inilah Juara 1 Sayembara Desain IKN yang Tak Dipakai Jokowi karena....? https://t.co/yEaicpGjqC;1,82875E+18;;;in;√úT: 6.307611,6.744946;0;3;12;https://x.com/ethadisaputra/status/1828750720952393927;55300590;ethadisaputra
1,8286E+18;Wed Aug 28 01:11:25 +0000 2024;0;Bukan Istana Garuda Karya Nyoman Nuarta Inilah Juara 1 Sayembara Desain IKN yang Tak Dipakai Jokowi karena.... https://t.co/NJhX1kAId9;1,8286E+18;;;in;;0;0;0;https://x.com/m_amamy/status/1828601247471149457;1366082984;m_amamy
1,82834E+18;Tue Aug 27 07:56:00 +0000 2024;0;Bukan Istana Garuda Karya Nyoman Nuarta Inilah Juara 1 Sayembara Desain IKN yang Tak Dipakai Jokowi karena.... https://t.co/4RWijriGVZ;1,82834E+18;;;in;Indonesia;0;0;0;https://x.com/candrayudag/status/1828340675127243164;1374088141;candrayudag
1,82822E+18;Tue Aug 27 00:09:29 +0000 2024;0;Bukan Istana Garuda Karya Nyoman Nuarta Inilah Juara 1 Sayembara Desain IKN yang Tak Dipakai Jokowi karena.... @myputun https://t.co/kBAEHQ3Rrf;1,82822E+18;;;in;Al Mulku, Moloku Kie Raha;0;0;0;https://x.com/PutunMy/status/1828223274314276924;1,56748E+18;PutunMy
1,82819E+18;Mon Aug 26 21:40:43 +0000 2024;1; NAGARA RIMBA NUSA Ternyata ini Pemenangnya Bukan Istana Garuda Karya Nyoman Nuarta Inilah Juara 1 Sayembara Desain IKN yang Tak Dipakai Jokowi karena.... https://t.co/t5YIpjYs7i;1,82819E+18;;;in;Solo (Bekasi Timur), Indonesia;0;0;1;https://x.com/SETYAKI22965702/status/1828185833008210393;1,32236E+18;SETYAKI22965702
1,82808E+18;Mon Aug 26 14:26:23 +0000 2024;0;Sahabat Wantimpres sudah tahu tentang filosofi di balik megahnya Istana Negara di IKN Nusantara? Nyoman Nuarta adalah putra bangsa di balik desain megah Istana Negara di IKN Nusantara menghidupkan simbol Garuda sebagai lambang kebesaran Indonesia. Yuk simak info lengkapnya https://t.co/e6vldHV3yq;1,82808E+18;https://pbs.twimg.com/media/GV6h6EDbQAAqhi7.jpg;;in;;0;0;0;https://x.com/WantimpresRI/status/1828076531626991780;1,33436E+18;WantimpresRI
1,82795E+18;Mon Aug 26 05:51:14 +0000 2024;0;Pada keren yg juara 1 mencerminkan nuansa modern dan futuristik ... Bukan Istana Garuda Karya Nyoman Nuarta Inilah Juara 1 Sayembara Desain IKN yang Tak Dipakai Jokowi karena.... https://t.co/VmrJgfpzc9;1,82795E+18;;;in;Indonesian;0;0;0;https://x.com/Bons631/status/1827946890434060313;1,34732E+18;Bons631
1,82749E+18;Sun Aug 25 16:15:26 +0000 2024;0;@AiraNtieReal Trlps dri jokowi msk desain gdung ikn di bwt oleh sniman kels dunia dibngun di atas negara mju dg kpala negarany yg disgani seluruh makhluk bumi sy akn ttp mngtkn hal yg sm kreatif tpi tdk mirip garuda bhkn mski mmiliki bntuk yg lbih sderhna;1,82774E+18;;AiraNtieReal;in;;0;0;0;https://x.com/sufi69fitriani/status/1827741587235110974;1,67721E+18;sufi69fitriani
1,82704E+18;Fri Aug 23 17:51:57 +0000 2024;1;Luar Biasa! Desain Interior Istana Garuda IKN Karya Anak Bangsa fomo rans mulyono kompas polisi jangan lengah erina kiky takedown mahasiswa raja jawa pkpu ruu pilkada #KawalPutusanMK https://t.co/o9TwugP4fy;1,82704E+18;https://pbs.twimg.com/media/GVry2MIa8AIqlv3.jpg;;in;;0;0;1;https://x.com/RajaHadian/status/1827041098268864672;1,63076E+18;RajaHadian
1,82688E+18;Fri Aug 23 07:09:19 +0000 2024;3;Warna Tembaga Lambang Garuda IKN Ternyata warna hitam pada lambang Garuda IKN tersebut bukanlah sebuah kesalahan atau kekurangan. Warna tersebut merupakan hasil dari proses oksidasi alami pada tembaga. Menurut Desain Istana Garuda Ibu Kota Nusantara (IKN) seniman I Nyoman https://t.co/QT9rQpNXZ0;1,82688E+18;https://pbs.twimg.com/ext_tw_video_thumb/1826879291801698305/pu/img/LoLB-mOw-qgYv1OE.jpg;;in;Jakarta Capital Region, Indone;5;2;2;https://x.com/_AnnisaKarisma/status/1826879374064582981;1,09264E+18;_AnnisaKarisma
1,82606E+18;Wed Aug 21 00:55:34 +0000 2024;1;SUDAH !100 X JANGAN IKN MULU ! NGURUS KANDANG IBLIS RAKYAT INDONESIA DI BIAR KAN MATI KELAPARAN.ISTANA KAMPRET MULU DI PIKIRIN RAKYAT TUH URUSIN Tak Hanya Patung Garuda yang Gagal Total Bagaimana dengan Desain 'Nagara Rimba Nusa' di IKN? https://t.co/Igvbqpncze;1,82606E+18;;;in;;0;0;1;https://x.com/fransis74201222/status/1826060543020670983;1,56528E+18;fransis74201222
1,82602E+18;Tue Aug 20 22:30:35 +0000 2024;0;Istana Kepresidenan dan Istana Garuda di Ibu Kota Nusantara (IKN) hadir dengan arsitekturnya yang megah tetapi juga dengan desain interiornya yang me... https://t.co/pZV9csotRW;1,82602E+18;;;in;;0;0;0;https://x.com/inilahdotcom/status/1826024056455573628;46693036;inilahdotcom
1,82482E+18;Sat Aug 17 14:41:55 +0000 2024;0;Istana Ketersesatan Negara......tempat kumpul para penyamun negeri.....Sempat Dicibir Tak Sesuai Ekspektasi Ternyata Ini 3 Perbedaan Istana Garuda IKN dengan Desain Awal Karya I Nyoman Nuarta https://t.co/DNUdijEApA;1,82482E+18;;;in;;0;0;0;https://x.com/agungtriat53466/status/1824818949139439957;1,7548E+18;agungtriat53466
1,82477E+18;Sat Aug 17 11:17:44 +0000 2024;0;Jika Konsep Desain Istana Kepresidenan IKN Ikonik Burung Garuda -Dibuat Oleh AI #burunggarudaAI #patunggarudaAI #desain #gedung #IKNKotaModern https://t.co/6HZwkvjpaZ;1,82477E+18;https://pbs.twimg.com/media/GVLgOFEaIAEDmCt.jpg;;in;;0;0;0;https://x.com/Jahidinjakarta/status/1824767563051753983;1,77731E+18;Jahidinjakarta
1,82476E+18;Sat Aug 17 10:28:08 +0000 2024;0;Usulan terbuka 1.Ayo bangun IKN dg kedepankan nuansa lokal cth pilar Istana Garuda dipakai nuansa Papua sampe Aceh 2.Gedung2 K/L dibangun dg desain rmh adat se Indonesia misal Kemkeu-Papua Kemdagri-Riau KKP-Maluku Priwisata-Bali Kemhut-Kalbar dstnya @jokowi @prabowo @gibran_tweet;1,82476E+18;;;in;Papua Barat, Indonesia;0;0;0;https://x.com/pace_M_/status/1824755082044530823;7,4194E+17;pace_M_
1,8247E+18;Sat Aug 17 06:50:16 +0000 2024;0;Gw nggak kenal beliau. Yg jelas beliau seniman yang sudah melalui verifikasi detail dari Mega IKN minimal. Hormatilah karyanya... Desain Istana Garuda IKN oleh Nyoman Nuarta Tuai Kritik IAI: Masyarakat Tidak Boleh Disesatkan.. https://t.co/zEATIrKNr1;1,8247E+18;;;in;BSD.Tangerang;0;1;0;https://x.com/pandamanda1299/status/1824700254618521630;1,70893E+18;pandamanda1299
1,82468E+18;Sat Aug 17 05:30:00 +0000 2024;1;Menggunakan burung Garuda sebagai desain yang ikonik Istana Garuda disebut-sebut akan menjadi kebanggaan masyarakat Indonesia di ibu kota baru Ibu Kota Nusantara (IKN). https://t.co/7qY74zmTNT;1,82468E+18;;;in;DKI Jakarta, Indonesia;0;0;0;https://x.com/Faktacom_/status/1824680053999014349;1,30866E+18;Faktacom_
1,82468E+18;Sat Aug 17 05:10:44 +0000 2024;0;Nyoman Nuarta bilang konsep Istana Garuda IKN murni dari pemikirannya sendiri. Lalu apa gunanya sayembara dg biaya milyaran! Kembalikan biaya dan hadiah sayembara desain istana IKN ke KAS NEGARA! @KemenPU @KemenkeuRI @jokowi @DPR_RI @prabowo @kompascom @KPK_RI https://t.co/R9uiFVVUyw;1,82468E+18;https://pbs.twimg.com/media/GVKMbEBaEAIVGul.jpg;;in;;0;0;0;https://x.com/ganjaransejati/status/1824675203596816457;1,69508E+18;ganjaransejati
1,82466E+18;Sat Aug 17 03:57:36 +0000 2024;0;Penampakkan Background Istana Negara IKN burung garuda dr dekat. Tetap suram dan kurang gagah warnanya gelap mengapa tidak di desain dgn warna bendera kepala tegak dan pelatuk nya agak sedikit keatas nampak baik mengepakkan sayap lebarnya menguasai dunia https://t.co/vTfr0ByeD5;1,82466E+18;;;in;;0;0;0;https://x.com/ENS53311139/status/1824656799364157518;1,1681E+18;ENS53311139
1,82332E+18;Sat Aug 17 00:23:40 +0000 2024;0;@setkabgoid @jokowi @Kiyai_MarufAmin Usulan terbuka 1.Berharap IKN dibangun dg kedepankan nuansa lokal cth pilar Istana Garuda dipakai nuansa Papua sampe Aceh 2.Gedung2 K/L dibangun dg desain rmh adat se Indonesia cth Kemkeu-Papua Kemdagri-Riau KKP-Maluku;1,8246E+18;;setkabgoid;in;Papua Barat, Indonesia;0;0;0;https://x.com/pace_M_/status/1824602960829284817;7,4194E+17;pace_M_
1,82285E+18;Sat Aug 17 00:23:26 +0000 2024;0;@CNNIndonesia @jokowi Usulan terbuka 1.Berharap IKN dibangun dg kedepankan nuansa lokal cth pilar Istana Garuda dipakai nuansa Papua sampe Aceh 2.Gedung2 K/L dibangun dg desain rmh adat se Indonesia cth Kemkeu-Papua Kemdagri-Riau KKP-Maluku Pariwisata-Bal;1,8246E+18;;CNNIndonesia;in;Papua Barat, Indonesia;0;0;0;https://x.com/pace_M_/status/1824602904763961449;7,4194E+17;pace_M_
1,82264E+18;Sat Aug 17 00:22:29 +0000 2024;0;@HusinShihab Usulan terbuka 1.Berharap IKN dibangun dg kedepankan nuansa lokal cth pilar Istana Garuda dipakai nuansa Papua sampe Aceh 2.Gedung2 K/L dibangun dg desain rmh adat se Indonesia cth Kemkeu-Papua Kemdagri-Riau KKP-Maluku Pariwisata-Bali dstnya;1,8246E+18;;HusinShihab;in;Papua Barat, Indonesia;0;0;0;https://x.com/pace_M_/status/1824602665642496033;7,4194E+17;pace_M_
1,8246E+18;Fri Aug 16 23:52:12 +0000 2024;0;Istana Kaum Tersesat....Respons Nyoman Nuarta soal Asosiasi yang Menolak Desain Istana Garuda IKN: Bisa Gak Dia Bikin? https://t.co/TZIEWNyrIE;1,8246E+18;;;in;;0;0;0;https://x.com/agungtriat53466/status/1824595046139887770;1,7548E+18;agungtriat53466
1,82443E+18;Fri Aug 16 13:14:37 +0000 2024;0;Istana Korupsi Kolusi dan Nepotisme.....sarang para penyamun negeri....Puji Desain Istana Garuda IKN JG: Beda dengan yang Lain https://t.co/sinPG3Um9s;1,82443E+18;;;in;;0;0;0;https://x.com/agungtriat53466/status/1824434591530357158;1,7548E+18;agungtriat53466
1,82441E+18;Fri Aug 16 11:55:41 +0000 2024;5;Dibalik desain patung Garuda IKN yang dikritik tidak sesuai ternyata saat malam hari patung tersebut sangat mewah dan indah. Patung Istana Garuda raksasa yang ada di IKN tersebut akan menjadi latar dari upacara HUT ke-79 RI pada 17 Agustus 2024. #BournePost #TheBournePost https://t.co/TenB2M4mgI;1,82441E+18;https://pbs.twimg.com/media/GVGfhTNaEAIfrFq.jpg;;in;;0;2;0;https://x.com/thebournepost/status/1824414726715216006;1,76167E+18;thebournepost
1,82435E+18;Fri Aug 16 07:30:00 +0000 2024;15;Desain Istana Garuda IKN Oleh Nyoman Nuarta Tuai Kritik IAI: Masyarakat Tidak Boleh Disesatkan! https://t.co/N0NropM9GU;1,82435E+18;;;in;Indonesia;1;2;3;https://x.com/democrazymedia/status/1824347864442839462;1,2438E+18;democrazymedia
1,82426E+18;Fri Aug 16 01:25:02 +0000 2024;0;IAI Jelaskan Kriteria Seseorang Bisa Disebut Arsitek Nyoman Nuarta Masuk Kategori? IAI menjelaskan definisi arsitek mengikuti ramainya pro dan kontra terhadap desain Istana Garuda IKN yang dirancang oleh I Nyoman Nuarta. https://t.co/pCqz5fvA5G;1,82426E+18;;;in;d í…ôm…™r…ôÀàwa…™;0;0;0;https://x.com/drafdigital/status/1824256016701063374;7540702;drafdigital
1,82424E+18;Fri Aug 16 00:23:03 +0000 2024;0;Terpopuler: IAI Tanggapi Kritik soal Desain Istana Garuda IKN Kronologi Anggota Paskibraka Dilarang Berjilbab. Berita terpopuler bisnis pada Kamis 15 Agustus 2024 dimulai dari tanggapan IAI soal ramai kritik atas desain Istana Garuda di IKN. https://t.co/Etj3dNBxVE;1,82424E+18;;;in;d í…ôm…™r…ôÀàwa…™;0;0;0;https://x.com/drafdigital/status/1824240421490344405;7540702;drafdigital
1,82423E+18;Thu Aug 15 23:54:14 +0000 2024;0;Terpopuler: IAI Tanggapi Kritik soal Desain Istana Garuda IKN Kronologi Anggota Paskibraka Dilarang Berjilbab https://t.co/L3MjelBiII #TempoBisnis;1,82423E+18;;;in;Indonesia;0;0;0;https://x.com/tempodotco/status/1824233168330952996;18129942;tempodotco
1,82408E+18;Thu Aug 15 14:01:52 +0000 2024;0;Nyoman_nuarta;;;;;;;;;;;
1,82408E+18;Thu Aug 15 13:36:00 +0000 2024;0;Masih g percaya kalo beda konsepnya... Perbedaan Istana Garuda IKN dengan Desain Awal Nyoman Nuarta https://t.co/gZ7kouDCm2;1,82408E+18;;;in;Yogyakarta;0;0;0;https://x.com/Taufiq_K/status/1824077582901637439;214136973;Taufiq_K
1,82404E+18;Thu Aug 15 10:48:35 +0000 2024;0;Desain Istana Garuda IKN oleh Nyoman Nuarta Tuai Kritik IAI: Masyarakat Tidak Boleh Disesatkan.. https://t.co/LaOAT8NeQ8 #TempoBisnis;1,82404E+18;;;in;Indonesia;1;1;0;https://x.com/tempodotco/status/1824035452250403044;18129942;tempodotco
1,82399E+18;Thu Aug 15 07:40:34 +0000 2024;0;Mengenal Lebih Dekat Desain Istana Garuda di IKN dengan 13 Bangunan Utama BACA SELENGKAPNYA DISINI ‚¨áÔ∏è‚¨áÔ∏è‚¨áÔ∏è https://t.co/YaZt9WoWPp;1,82399E+18;;;in;Indonesia;0;0;0;https://x.com/telisik_id/status/1823988135547822421;1,23477E+18;telisik_id
1,8235E+18;Tue Aug 13 23:17:24 +0000 2024;16;Pembangunan IKN dengan konsep smart city yang bersinergi dengan alam merupakan pembangunan perpaduan teknologi dan seni karya anak bangsa. Istana Garuda menggunakan material pilihan desain Nyoman Nuarta. ~~~ Elkan Cut Intan Nabila Bahlil Milan Manchester United #viralvideo https://t.co/3hZByf951t;1,8235E+18;https://pbs.twimg.com/media/GU5eyNzb0AAesIB.jpg;;in;DKI Jakarta, Indonesia;0;4;14;https://x.com/rasa2086/status/1823499124622418146;1,29049E+18;rasa2086
1,82349E+18;Tue Aug 13 22:42:37 +0000 2024;0;I Gusti Agung Rai Wirawijaya Sebut Desain Istana Garuda IKN Mirip seperti di Film Drakula https://t.co/03u2xX6jON #pdiperjuangan;1,82349E+18;;;in;Jakarta, Indonesia;0;0;0;https://x.com/GesuriID/status/1823490369184784707;584835300;GesuriID
1,82338E+18;Tue Aug 13 15:14:47 +0000 2024;0;Tadinya gua punya opini yang lumayan oposisi terkait patung garuda di istana ikn. Tapi setelah tau itu warnanya gelap gegara pake perunggu jadi opini saya jadi lebih baik. Itu di desain biar kaya patung liberty puluhan tahun kemudian jadi biru ntar gegara oksidasi;1,82338E+18;;;in;Bekasi, Jawa Barat;0;0;0;https://x.com/Ferdians_syah/status/1823377667955282391;357544854;Ferdians_syah
1,82337E+18;Tue Aug 13 15:06:46 +0000 2024;0;jadi balik lagi ke desain kawasan IKN semua simbol¬≤ persatuan atau yg menyatukan bangsa telah diserap oleh pemenang sayembara . Sehingga pada desain bangunan Istana Negara kurang elok kalo hanya mengambil simbol dari satu daerah/pulau/etnis karena itu dipilihlah Garuda.;1,82338E+18;;berbachti;in;;0;0;0;https://x.com/berbachti/status/1823375650436362268;1,52332E+18;berbachti
1,82336E+18;Tue Aug 13 13:54:41 +0000 2024;0;Nyoman Nuarta: Mereka Sangka Segala Macam Saya yang Kerjakan. Desainer atau perancang Istana Garuda di IKN Kaltim Nyoman Nuarta mengungkapkan Desain ISTANA melibatkan 44 ahli demi menciptakan Aspek Keamanan dan Ketahanan Bangunan. https://t.co/lm7RgNvqAW @beritasatu https://t.co/tdBfHpR7YX;1,82336E+18;https://pbs.twimg.com/media/GU3d_XWbIAAIdkk.jpg;;in;Indonesia;0;0;0;https://x.com/chirp_sitto/status/1823357508720943370;4840548266;chirp_sitto
1,82328E+18;Tue Aug 13 08:43:09 +0000 2024;0;Ketua Umum AMI Apresiasi Desain Istana Garuda IKN https://t.co/flZPfRGadQ #InvestorDaily #investasi #Saham;1,82328E+18;;;in;Jakarta, Indonesia;0;0;0;https://x.com/InvestorID/status/1823279109331656758;238091066;InvestorID
1,82324E+18;Tue Aug 13 06:23:35 +0000 2024;5;Menkominfo Budi Arie Setiadi menegaskan desain dan karya arsitektur istana garuda di IKN menjadi kebanggaan nasional Audrey Nahan Gempa Kenceng Dingin BMKG Waduh Pati Kerasa Airlangga Garuda Manggarai ‰ªôÂè∞ËÇ≤Ëã± Êô∫ÂºÅÂíåÊ≠åÂ±± #giants #sbhawks #seibulions #lovefighters #chibalotte https://t.co/2zJxxRUZi5;1,82324E+18;https://pbs.twimg.com/ext_tw_video_thumb/1823243303229571072/pu/img/xnGyC32zHFoUPts7.jpg;;in;pontianak;0;1;0;https://x.com/AdisanyotoDini/status/1823243985445679485;1,61889E+18;AdisanyotoDini
1,82324E+18;Tue Aug 13 06:00:03 +0000 2024;0;Istana Garuda Ibu Kota Nusantara (IKN) memiliki desain yang khas di mana terdapat rangka yang membentuk sebuah sayap yang lebar dan berlapis. #IKN #IstanaGaruda #MedcomId https://t.co/7OpuqDYUwz;1,82324E+18;;;in;Jakarta Capital Region, Indone;0;0;0;https://x.com/medcom_id/status/1823238063864365229;9,02838E+17;medcom_id
1,82324E+18;Tue Aug 13 05:56:24 +0000 2024;1;Menkominfo Budi Arie Setiadi menegaskan desain dan karya arsitektur istana garuda di IKN menjadi kebanggaan nasional Audrey Nahan Gempa Kenceng Dingin BMKG Waduh Pati Kerasa Airlangga Garuda Manggarai ‰ªôÂè∞ËÇ≤Ëã± Êô∫ÂºÅÂíåÊ≠åÂ±± #giants #sbhawks #seibulions #lovefighters #chibalotte https://t.co/bWNeRFvdOx;1,82324E+18;https://pbs.twimg.com/ext_tw_video_thumb/1823236389976334336/pu/img/an8HvQVGn25ij_51.jpg;;in;lombok;0;0;0;https://x.com/triajoann/status/1823237144875499704;1,75662E+18;triajoann
1,82323E+18;Tue Aug 13 05:38:36 +0000 2024;4;Menkominfo Budi Arie Setiadi menegaskan desain dan karya arsitektur istana garuda di IKN menjadi kebanggaan nasional Audrey Nahan Gempa Kenceng Dingin BMKG Waduh Pati Kerasa Airlangga Garuda Manggarai ‰ªôÂè∞ËÇ≤Ëã± Êô∫ÂºÅÂíåÊ≠åÂ±± #giants #sbhawks #seibulions #lovefighters #chibalotte https://t.co/AOVn1z5Tw3;1,82323E+18;https://pbs.twimg.com/ext_tw_video_thumb/1823231924447637505/pu/img/P-gZMpyngKfAu6Ft.jpg;;in;Istana Negara;0;0;0;https://x.com/JokowiKisah/status/1823232668659851639;1,65324E+18;JokowiKisah
1,82323E+18;Tue Aug 13 05:26:16 +0000 2024;0;Nyoman menegaskan desain kerangka 'sayap' di Istana Garuda IKN bentuknya hendak memeluk. Hal ini bermakna bahwa Burung Garuda sebagai Lambang Negara sedang melindungi bangsa Indonesia. Desain Istana Garuda ini adalah hasil kreasi orisinalnya tanpa meniru karya orang lain. https://t.co/mzuzcbGBxH;1,82323E+18;https://pbs.twimg.com/media/GU1poA8aMAAhh6O.jpg;inilahdotcom;in;;0;0;0;https://x.com/inilahdotcom/status/1823229565281714519;46693036;inilahdotcom
1,82323E+18;Tue Aug 13 05:26:14 +0000 2024;0;Istana Garuda di Ibu Kota Nusantara (IKN) saat ini tengah menjadi perhatian masyarakat. Banyak yang berkomentar desainnya terkesan mistis dan gelap. Perancang Istana Garuda Nyoman Nuarta mengatakan desain rancangannya dibuat agar bangunan tersebut terlihat berwibawa berbeda https://t.co/Kvb4Lh6eYr;1,82323E+18;https://pbs.twimg.com/media/GU1pnaJbAAArJ4A.jpg;;in;;0;1;0;https://x.com/inilahdotcom/status/1823229556658204689;46693036;inilahdotcom
1,82322E+18;Tue Aug 13 04:51:16 +0000 2024;7;Menkominfo Budi Arie Setiadi menegaskan desain dan karya arsitektur istana garuda di IKN menjadi kebanggaan nasional Audrey Nahan Gempa Kenceng Dingin BMKG Waduh Pati Kerasa Airlangga Garuda Manggarai ‰ªôÂè∞ËÇ≤Ëã± #giants #sbhawks #seibulions #lovefighters #chibalotte https://t.co/8TYVOeDfD2;1,82322E+18;https://pbs.twimg.com/ext_tw_video_thumb/1823220145638326272/pu/img/9fpkrQkT4j3-xovV.jpg;;in;Istana Negara;0;1;0;https://x.com/JokowiSemua/status/1823220754328207728;1,65867E+18;JokowiSemua
1,82321E+18;Tue Aug 13 04:24:07 +0000 2024;0;Desain Istana Garuda di Ibu Kota Negara (IKN) Nusantara Kalimantan Timur mendapat sindiran netizen. Menkominfo Budi Arie Setiadi Pun memberi respons. Kira-kira apa ya responnya? yuk cek vidio berikut! #detikinet #ikn #ibukotanusantara #istananegaraiknnusantara https://t.co/ojDvsfCo2v;1,82321E+18;https://pbs.twimg.com/ext_tw_video_thumb/1823213890051665920/pu/img/lpaBcEZmDd84BGOJ.jpg;;in;Jakarta, Indonesia;0;0;0;https://x.com/detikinet/status/1823213923148984343;135815019;detikinet
1,82321E+18;Tue Aug 13 04:13:40 +0000 2024;0;Kontroversi Desain Istana Garuda di IKN: Arsitek Nyoman Nuarta Jelaskan Filosofi di Baliknya https://t.co/XFrFbux6eJ https://t.co/aQ6YyWieob;1,82321E+18;https://pbs.twimg.com/media/GU1ZASyawAAm6ZY.jpg;;in;;0;0;0;https://x.com/Gardapublik_id/status/1823211290795598072;1,70251E+18;Gardapublik_id
1,82319E+18;Tue Aug 13 02:58:07 +0000 2024;0;Iya ya. Baru nyadar malah soal sayembara desain IKN ini. Kenapa ga dipake sih? Ini aja yang difoto bagus bgt. Lebih berkarakter. Istana Garuda itu terlalu harfiah ga sih? Kan ga semua ttg Indonesia harus ada Garuda-nya. Kesannya gak imajinatif desain yg sekarang tu.;1,82319E+18;;;in;vanuatu;0;0;0;https://x.com/Nur60697237Siti/status/1823192281165275226;1,55193E+18;Nur60697237Siti
1,82319E+18;Tue Aug 13 02:57:14 +0000 2024;0;Putu Rudana Sebut Desain Istana Garuda IKN Karya Orisinal Anak Bangsa #IstanaGaruda https://t.co/bff5JmQ7Aa;1,82319E+18;;;in;Indonesia;0;0;0;https://x.com/jpnncom/status/1823192056941998357;79130206;jpnncom
1,82318E+18;Tue Aug 13 02:06:08 +0000 2024;0;Puji Desain Istana Garuda IKN Putu Rudana: Karya Orisilinalitas Anak Bangsa https://t.co/JpDhsD14TB;1,82318E+18;;;in;;0;0;0;https://x.com/VIVAcoid/status/1823179199156506855;41730943;VIVAcoid
1,82317E+18;Tue Aug 13 01:18:41 +0000 2024;5;Desainer atau perancang Istana Garuda Ibu Kota Nusantara (IKN) Nyoman Nuarta mengungkapkan bahwa desain istana tersebut melibatkan 44 orang ahli demi menciptakan aspek keamanan dan ketahanan bangunan yang akan menjadi simbol nasional tersebut. ~N #IKN #IstanaGaruda https://t.co/2DIGj7qDnq;1,82317E+18;https://pbs.twimg.com/media/GU0wvpmWYAA6Y4q.jpg;;in;Jakarta;1;1;1;https://x.com/kompascom/status/1823167258698334468;23343960;kompascom
1,82281E+18;Mon Aug 12 23:59:09 +0000 2024;0;@boahaya Selamat pagi Kami dari CNNIndonesiaTV program Connected pukul 13.00 WIB (https://t.co/ns6OyEQSsE) izin memasukkan cuitan anda di program kami dalam topik: Desain Istana Garuda IKN Jawaban kami tunggu sampai pukul 12.00 wib. Terimakasih.;1,82315E+18;;boahaya;in;Indonesia;0;1;0;https://x.com/CNNIDdaily/status/1823147239822541235;3306771829;CNNIDdaily
1,82312E+18;Mon Aug 12 22:00:17 +0000 2024;0;1. Istana Presiden Desain Istana Presiden IKN yang paling mencuri perhatian adalah bentuknya yang terinspirasi dari burung garuda. Burung garuda sebagai lambang negara dipilih untuk merepresentasikan persatuan;1,82312E+18;;;in;;0;0;0;https://x.com/bangau_biru/status/1823117327422152735;50549323;bangau_biru
1,82303E+18;Mon Aug 12 16:35:34 +0000 2024;1;@Angkasa_19 tadi siang nemenin ojob yg S1 bergelar Ars yg pengalaman 10thn dan Ibu bergelar Dr ST MT di bidang arsitek UNTRIS mereka ngobrolin desain Istana Garuda IKN tak satupun pendapat mereka yg positif. Seorang seniman tidak kompeten di bidang arsite;1,82304E+18;;Angkasa_19;in;Mecca;0;1;0;https://x.com/iphone7decoco/status/1823035608643817605;1,13878E+18;iphone7decoco
1,823E+18;Mon Aug 12 14:09:10 +0000 2024;0;Filosofi Desain Istana Garuda IKN: Memeluk untuk Melindungi https://t.co/HjNqTQom92;1,823E+18;https://pbs.twimg.com/media/GUyXrARaoAATAKp.jpg;;in;;0;0;0;https://x.com/riwokuri1987/status/1822998766409892048;1,78204E+18;riwokuri1987
1,82299E+18;Mon Aug 12 13:52:49 +0000 2024;0;Filosofi di balik Istana Garuda IKN karya megah Nyoman Nuarta menyimpan pesan khusus yang mendalam. Ô∏è Dengan desain yang memadukan kekuatan dan kebanggaan Istana Garuda bukan hanya simbol dari kebangkitan dan kemajuan Indonesia #IstanaGarudaIKN #Ayobacanews https://t.co/YH58w7IV4E;1,82299E+18;https://pbs.twimg.com/media/GUyT7UubUAAX4FB.jpg;;in;Kota Bandung, Jawa Barat;0;1;0;https://x.com/ayobacanews/status/1822994654826217935;1,64577E+18;ayobacanews
1,82291E+18;Mon Aug 12 08:10:00 +0000 2024;16;Perancang Istana Garuda IKN Nyoman Nuarta jawab kritik desain yang dianggap gelap dan mistis. Tak masalah atas kritik namun ia ingatkan jangan sampai bawa urusan agama. https://t.co/fRRBHz7h9H;1,82291E+18;;;in;;2;39;2;https://x.com/detikcom/status/1822908378898735288;69183155;detikcom
1,82282E+18;Mon Aug 12 07:05:42 +0000 2024;0;@Fezyal Selamat Sore Kami dari CNNIndonesiaTV program Connected pukul 13.00 WIB (https://t.co/ns6OyEQSsE) izin memasukkan cuitan anda di program kami dalam topik: Desain Istana Garuda IKN Terimakasih;1,82289E+18;;Fezyal;in;Indonesia;0;1;0;https://x.com/CNNIDdaily/status/1822892199241195722;3306771829;CNNIDdaily
1,82288E+18;Mon Aug 12 06:08:51 +0000 2024;1;Istana Garuda IKN tengah menjadi sorotan publik. Lantaran desain gelap dan dinilai identik dengan mistis. I Nyoman Nuarta adalah sosok di balik desain Istana Garuda tersebut. Siapa I Nyoman Nuarta? #istanagaruda #ikn #ibukotanegara #ibukotaindonesia #istanaikn #ohmpawat https://t.co/eEyIdKAwjs;1,82288E+18;https://pbs.twimg.com/ext_tw_video_thumb/1822877826636517376/pu/img/IjLrDecEAcjr4h0N.jpg;;in;Kota Serang, Banten;0;0;1;https://x.com/KreatifsultanId/status/1822877892193443865;9,07811E+17;KreatifsultanId
1,82287E+18;Mon Aug 12 05:32:24 +0000 2024;0;Desainer atau perancang Istana Garuda Ibu Kota Nusantara (IKN) Nyoman Nuarta mengungkapkan bahwa desain istana tersebut melibatkan 44 orang ahli demi menciptakan aspek keamanan dan ketahanan bangunan yang akan menjadi simbol nasional tersebut. https://t.co/pPTKUDLrTg;1,82287E+18;;;in;Denpasar, Bali;0;0;0;https://x.com/nusabalicom/status/1822868717925245001;2655442453;nusabalicom
1,82287E+18;Mon Aug 12 05:25:04 +0000 2024;0;Poin-poin Pembelaan Nyoman Nuarta atas Kritik Desain Istana Garuda di IKN https://t.co/fo0PX3NpTa #TempoBisnis;1,82287E+18;;;in;Indonesia;1;1;0;https://x.com/tempodotco/status/1822866872460881942;18129942;tempodotco
1,8226E+18;Mon Aug 12 05:17:02 +0000 2024;0;@Jayabay19479190 Emang begitulah...lahh wong sila2 pancasila dan bhineka tunggal ika aja nggk ada di garuda IKN nilai2 bangsa di istana negara aja hilang bijimana mau keberagaman pdhl itu warisan pendiri bangsa salah desain atau sengaja dihilangkan;1,82286E+18;;Jayabay19479190;in;;0;0;0;https://x.com/HafiezSayi92933/status/1822864851729109462;1,75013E+18;HafiezSayi92933
1,82286E+18;Mon Aug 12 05:09:02 +0000 2024;1;Ia menambahkan desain Istana Garuda IKN dirancang berbeda dan tak memiliki kesamaan agar menunjukkan kewibawaan bukan mengarah kepada aura mistis. https://t.co/uJ9W74WOUr;1,82286E+18;;tempodotco;in;Indonesia;2;3;0;https://x.com/tempodotco/status/1822862839851151571;18129942;tempodotco
1,82286E+18;Mon Aug 12 05:09:01 +0000 2024;33;I Nyoman Nuarta tak mempermasalahkan kritik terhadap desain Istana Garuda Ibu Kota Nusantara (IKN) yang dibuatnya. Namun dia berharap agar kritik itu tak dikaitkan dengan isu agama. #tempodotco #tempo #desain #istana #garuda #IKN https://t.co/0ZTfslQcEo;1,82286E+18;https://pbs.twimg.com/media/GUwb7emacAAx4Yy.jpg;;in;Indonesia;8;25;9;https://x.com/tempodotco/status/1822862834306617650;18129942;tempodotco
1,82286E+18;Mon Aug 12 04:51:15 +0000 2024;0;Desain Istana Garuda IKN Libatkan 44 Ahli Nyoman Nuarta: Mereka Sangka Segala Macam Saya yang Kerjakan https://t.co/M8vYgJgkZT;1,82286E+18;;;in;Semarang Barat, Indonesia;0;0;0;https://x.com/50Kuasa/status/1822858362759061751;1,72913E+18;50Kuasa
1,82286E+18;Mon Aug 12 04:50:50 +0000 2024;1;Esensi Desain Istana Garuda IKN Satukan 1300 Suku Di Indonesia Nahan minta maaf gak Kamar Ibu Kota Nusantara https://t.co/HzUwzdyZUR;1,82286E+18;https://pbs.twimg.com/ext_tw_video_thumb/1822857827352031232/pu/img/N6JmcZAhy6WlXikX.jpg;;in;;0;0;1;https://x.com/ainihuusna/status/1822858257859547300;1,80036E+18;ainihuusna
1,82286E+18;Mon Aug 12 04:49:55 +0000 2024;1;Esensi Desain Istana Garuda IKN Satukan 1300 Suku Di Indonesia Airlangga minta maaf gak Bye PKS Dingin https://t.co/bK24wS50nh;1,82286E+18;https://pbs.twimg.com/ext_tw_video_thumb/1822857636708261888/pu/img/zyfZuGGO7lm5BZAt.jpg;;in;;0;0;1;https://x.com/karinachaniaa/status/1822858028787581030;1,68585E+18;karinachaniaa
1,82286E+18;Mon Aug 12 04:48:50 +0000 2024;1;Esensi Desain Istana Garuda IKN Satukan 1300 Suku Di Indonesia Nahan Dingin Airlangga Bye PKS https://t.co/LFwLAF4xbb;1,82286E+18;https://pbs.twimg.com/ext_tw_video_thumb/1822857236357816320/pu/img/Q_ypfKTpJp9VINDM.jpg;;in;;0;0;1;https://x.com/AkifahMazzani/status/1822857755830739280;1,7511E+18;AkifahMazzani
1,82286E+18;Mon Aug 12 04:47:18 +0000 2024;1;Esensi Desain Istana Garuda IKN Satukan 1300 Suku Di Indonesia Nahan Dingin Airlangga Kamar https://t.co/dRjufCwcEd;1,82286E+18;https://pbs.twimg.com/ext_tw_video_thumb/1822857061983731714/pu/img/MdYAD6T0auaVlAdl.jpg;;in;;0;0;1;https://x.com/kesyaasalwaa/status/1822857369313018197;1,80036E+18;kesyaasalwaa
1,82286E+18;Mon Aug 12 04:46:55 +0000 2024;1;Esensi Desain Istana Garuda IKN Satukan 1300 Suku Di Indonesia Nahan minta maaf gak Dingin Airlangga https://t.co/9VBnYmqifJ;1,82286E+18;https://pbs.twimg.com/ext_tw_video_thumb/1822856932694306816/pu/img/qownDfdUtlYzwLpM.jpg;;in;;0;0;1;https://x.com/zakariaoktafia/status/1822857272512635004;1,80034E+18;zakariaoktafia
1,82277E+18;Sun Aug 11 23:15:22 +0000 2024;17;Desain ikonik Istana Garuda IKN dirancang sesuai namanya yakni burung Garuda.Selain menjadi lambang negara representasi Garuda sebagai bentuk bangunan agar tdk ada kecemburuan dari berbagai daerah Medali Giveaway Airlangga Bekasi Dingin INI BENERAN Cuddle Bandung https://t.co/DKDibJp2ek;1,82277E+18;https://pbs.twimg.com/media/GUvLI3ObEAE7_gW.jpg;;in;;2;5;14;https://x.com/Nidyna10/status/1822773834375897098;1,71031E+18;Nidyna10
1,82253E+18;Sun Aug 11 15:51:20 +0000 2024;41;@txtdrimedia Tuai Banyak Kritik Ini Alasan Nyoman Nuarta Pilih Desain Garuda di Istana Garuda IKN https://t.co/pD0goaV6yl;1,82266E+18;;txtdrimedia;in;Indonesia;1;5;2;https://x.com/tempodotco/status/1822662089108066406;18129942;tempodotco
1,82266E+18;Sun Aug 11 15:32:50 +0000 2024;0;Nyoman Nuarta Respon Kritik Terhadap Desain Garuda di Istana Garuda IKN https://t.co/iLCVtxjsIh #nyoman #nuarta #respon #desain #garuda #istana #Ikn;1,82266E+18;;;in;Indonesia;0;0;0;https://x.com/Jurnalpatroli_/status/1822657433304776933;1,50731E+18;Jurnalpatroli_
1,82265E+18;Sun Aug 11 14:49:57 +0000 2024;0;Desain Istana Garuda IKN Satukan Suku Indonesia https://t.co/p4Hj4EUuoc;1,82265E+18;https://pbs.twimg.com/media/GUtXat3bUAEFfmv.jpg;;in;;0;0;0;https://x.com/AshleyReed17787/status/1822646643189309726;1,78204E+18;AshleyReed17787
1,82264E+18;Sun Aug 11 14:03:53 +0000 2024;47;Perancang Istana Garuda Ibukota Nusantara (IKN) Nyoman Nuarta mengungkapkan makna dari desain istana yang seperti memeluk punya makna filosofi melindungi Bangsa Indonesia. Kalau Garuda ngedongak sombong dong. Terserah lah itu image orang. Saya buat sayapnya itu memeluk https://t.co/Vw6TUnzUTP;1,82264E+18;https://pbs.twimg.com/amplify_video_thumb/1822634983888150528/img/COL7zeh8VB-TeAIu.jpg;;in;;15;55;16;https://x.com/NarasiNewsroom/status/1822635050464313639;1,15836E+18;NarasiNewsroom
1,82261E+18;Sun Aug 11 12:14:35 +0000 2024;0;Makna Desain Istana Garuda IKN Tampak Ingin Memeluk https://t.co/KOVKycHEvx;1,82261E+18;;;in;Indonesia;0;0;0;https://x.com/merdekadotcom/status/1822607544722034798;456426648;merdekadotcom
1,82259E+18;Sun Aug 11 10:49:18 +0000 2024;0;Desainer Istana Garuda di Ibu Kota Nusantara (IKN) Nyoman Nuarta menanggapi santai kritik yang ditujukan pada desain hasil karyanya. https://t.co/ddy3utOJyi https://t.co/p1S8HXoR2d;1,82259E+18;https://pbs.twimg.com/media/GUsgYdTbYAAcWMn.jpg;;in;Indonesia;0;0;0;https://x.com/monitordaycom/status/1822586081512141183;70600007;monitordaycom
1,82258E+18;Sun Aug 11 10:11:38 +0000 2024;0;Nyoman Nuarta Tanggapi Kritik Desain Mistis Istana Garuda di IKN https://t.co/393B0QACPM;1,82258E+18;;;in;Indonesia;0;0;0;https://x.com/telegrafnesia/status/1822576601697312861;1,21607E+18;telegrafnesia
1,82244E+18;Sun Aug 11 09:52:47 +0000 2024;1;@rukmana_fahmi @tempodotco Pernah kerja di IKN sbg engineer. Desain istana negara &amp;;;;;;;;;;;
1,82257E+18;Sun Aug 11 09:31:07 +0000 2024;0;Tuai Banyak Kritik Ini Alasan Nyoman Nuarta Pilih Desain Garuda di Istana Garuda IKN https://t.co/Net8qwnO5e #TempoNasional;1,82257E+18;;;in;Indonesia;0;3;1;https://x.com/tempodotco/status/1822566406313193664;18129942;tempodotco
1,82257E+18;Sun Aug 11 09:26:36 +0000 2024;5;Desain Istana Garuda di IKN Dianggap Mistis Nyoman Nuarta: Kita Buat Berwibawa https://t.co/Q1QsQ3R9Vs #beritasatu #news #berita;1,82257E+18;;;in;Jakarta;0;5;1;https://x.com/Beritasatu/status/1822565268528443473;154102750;Beritasatu
1,82255E+18;Sun Aug 11 08:21:22 +0000 2024;0;Sebanyak 44 Ahli Terlibat dalam Desain Istana Garuda di IKN https://t.co/ulKFdfFuYH;1,82255E+18;;;in;West Java, Indonesia;0;0;0;https://x.com/PRMNMataBandung/status/1822548852093898985;158297951;PRMNMataBandung
1,82255E+18;Sun Aug 11 08:09:33 +0000 2024;6;Deputi pengendalian pembangunan Otorita IKN Thomas Umbu Pati Tena Bolodadi menyatakan bakal mengundurkan diri jika Istana Garuda tidak berubah jadi hijau seperti desain awal dalam 2 tahun. #ikn #ibukotanusantara #nusantara #istanagaruda #istananegara https://t.co/VMjzxGf5CD;1,82255E+18;https://pbs.twimg.com/ext_tw_video_thumb/1822545827367403521/pu/img/0P9oj7U9ACHFRTT_.jpg;;in;;1;4;0;https://x.com/Metro_TV/status/1822545877904576601;57261519;Metro_TV
1,82252E+18;Sun Aug 11 06:37:04 +0000 2024;0;Nyoman Nuarta Respons Kritik Desain Istana Garuda IKN: Jangan Bawa-bawa Agama https://t.co/9p5ZFPUJEq;1,82252E+18;https://pbs.twimg.com/ext_tw_video_thumb/1822522284470640640/pu/img/Fc4EaANleDUjxp8K.jpg;;in;;0;0;0;https://x.com/koma_id/status/1822522605343322214;1,53303E+18;koma_id
1,82251E+18;Sun Aug 11 06:00:02 +0000 2024;1;Perancang Istana Garuda Ibu Kota Negara (IKN) Nyoman Nuarta angkat bicara terkait kritikan dari warga net yang menganggap desain Istana IKN bernuansa mistis dan mirip kelelawar. Baca di sini: https://t.co/vO3d2Vzn2d #IstanaGaruda #NyomanNuarta #IKN #DesainArsitektur https://t.co/2r2ib26GHF;1,82251E+18;https://pbs.twimg.com/media/GUreIDaawAAqMjJ.jpg;;in;;1;0;0;https://x.com/finindonesia/status/1822513284278607878;9,98801E+17;finindonesia
1,82251E+18;Sun Aug 11 05:58:03 +0000 2024;0;Terkini: Jawaban Nyoman Nuarta atas Banjir Kritik Desain Istana Garuda IKN KRL Impor dari Cina Diuji Awal 2025. Berita terkini bisnis pada Ahad siang 11 Agustus 2024 dimulai dari jawaban Nyoman Nuarta atas banjir kritik atas desain Istana Garuda IKN. https://t.co/P7qqhxW7JP;1,82251E+18;;;in;d í…ôm…™r…ôÀàwa…™;0;0;0;https://x.com/drafdigital/status/1822512786120798705;7540702;drafdigital
1,82251E+18;Sun Aug 11 05:33:12 +0000 2024;8;Terkini: Jawaban Nyoman Nuarta atas Banjir Kritik Desain Istana Garuda IKN KRL Impor dari Cina Diuji Awal 2025 https://t.co/TG7REC5xAr #TempoBisnis;1,82251E+18;;;in;Indonesia;0;5;2;https://x.com/tempodotco/status/1822506534380933489;18129942;tempodotco
1,8225E+18;Sun Aug 11 05:23:33 +0000 2024;1;Terkinin: Jawaban Nyoman Nuarta atas Banjir Kritik Desain Istana Garuda IKN KRL Impor dari Cina Diuji Awal 2025 https://t.co/EBe4e81wAA #TempoBisnis;1,8225E+18;;;in;Indonesia;0;1;0;https://x.com/tempodotco/status/1822504103496593618;18129942;tempodotco
1,8225E+18;Sun Aug 11 04:56:03 +0000 2024;0;Disangka Kerjakan Desain Istana Garuda IKN Seorang Diri Nyoman Nuarta: Geblek Banget. Perancang Istana Garuda IKN Nyoman Nuarta mengatakan desain bangunan tersebut melibatkan 44 ahli. https://t.co/Iz7feUXjOz;1,8225E+18;;;in;d í…ôm…™r…ôÀàwa…™;0;0;0;https://x.com/drafdigital/status/1822497181531529541;7540702;drafdigital
1,8225E+18;Sun Aug 11 04:47:33 +0000 2024;0;Nyoman Nuarta Soal IKN: Desain Istana Garuda Satukan 1.300 Suku Bangsa https://t.co/kKn7nZMe1m;1,8225E+18;;;in;Jakarta;0;0;0;https://x.com/ntvnewsid/status/1822495045787988035;1,75803E+18;ntvnewsid
1,82249E+18;Sun Aug 11 04:44:15 +0000 2024;0;Nyoman Nuarta menjelaskan filosofi di balik Istana Garuda di IKN ! Dengan memilih Garuda sebagai simbol desain ini merangkul keberagaman 1.300 suku Indonesia dan menghindari kecemburuan. #IstanaGaruda #Desain #Arsitektur #IKN #Budaya #seketika https://t.co/5UdPF387Qv;1,82249E+18;;;in;Jakarta;0;0;0;https://x.com/seketikanet/status/1822494211587158227;1,69643E+18;seketikanet
1,82249E+18;Sun Aug 11 04:38:11 +0000 2024;2;Desain Garuda di Istana Negara IKN Seperti Memeluk Ternyata Ini Makna dan Filosofisnya https://t.co/jt7XrROJfo #beritasatu #news #berita;1,82249E+18;;;in;Jakarta;0;2;1;https://x.com/Beritasatu/status/1822492685577670774;154102750;Beritasatu
1,82249E+18;Sun Aug 11 04:38:09 +0000 2024;28;Disangka Kerjakan Desain Istana Garuda IKN Seorang Diri Nyoman Nuarta: Geblek Banget https://t.co/KmMn2dEnvA #TempoBisnis;1,82249E+18;;;in;Indonesia;5;33;6;https://x.com/tempodotco/status/1822492676824142105;18129942;tempodotco
1,82248E+18;Sun Aug 11 03:58:32 +0000 2024;0;Nyoman Nuarta Tegaskan Desain Istana Garuda IKN Bukan Mistis Ini Penjelasannya https://t.co/6QEwhyEnaC;1,82248E+18;;;in;West Java, Indonesia;0;0;0;https://x.com/PRMNMataBandung/status/1822482710000292210;158297951;PRMNMataBandung
1,82247E+18;Sun Aug 11 03:05:34 +0000 2024;0;Nyoman Nuarta Ungkap Makna di Balik Desain Istana Garuda IKN https://t.co/BpbKa7d1Ds;1,82247E+18;;;in;Jakarta;0;1;0;https://x.com/KATADATAcoid/status/1822469379436790235;552523769;KATADATAcoid
1,82246E+18;Sun Aug 11 02:38:12 +0000 2024;0;Riwayat Pendidikan I Nyoman Nuarta Perancang Desain Istana Garuda IKN https://t.co/VDYAtb900v;1,82246E+18;;;in;Jakarta Pusat, DKI Jakarta;0;1;1;https://x.com/SINDOnews/status/1822462492515467387;231355136;SINDOnews
1,82246E+18;Sun Aug 11 02:33:19 +0000 2024;0;Desainer: Desain Istana Garuda IKN libatkan 44 ahli demi keamanan https://t.co/lMR4tDtPVU;1,82246E+18;;;in;Indonesia;0;0;0;https://x.com/webelshinta/status/1822461264062542188;1,483E+18;webelshinta
1,82244E+18;Sun Aug 11 02:31:38 +0000 2024;1;@geloraco Terlepas dari ga suka IKN emang desain itu JELEK BANGET. Ga semua org ngerti itu garuda apalagi org luar negeri. Ini stadion atau istana sarang walet?? Proyek sampah !!;1,82246E+18;;geloraco;in;Indonesia;0;0;0;https://x.com/Wishmeluck45/status/1822460841666736311;36031821;Wishmeluck45
1,82246E+18;Sun Aug 11 02:24:57 +0000 2024;0;Desainer: Desain Istana Garuda IKN libatkan 44 ahli demi keamanan https://t.co/XZPcssamSa;1,82246E+18;;;in;;0;0;0;https://x.com/RadioElshinta/status/1822459155896221913;121640063;RadioElshinta
1,82245E+18;Sun Aug 11 01:46:33 +0000 2024;3;Desainer atau perancang Istana Garuda Ibu Kota Nusantara (IKN) Nyoman Nuarta mengungkapkan bahwa desain Istana Negara tersebut dirancang berbeda dan tak memiliki kesamaan agar menunjukkan kewibawaan. Hal itu bukan mengarah kepada aura mistis. Nyoman Nuarta menekankan agar https://t.co/vfTBaEm0zd;1,82245E+18;https://pbs.twimg.com/media/GUqkJZZaQAA2weK.jpg;;in;Indonesia;0;0;0;https://x.com/pikiran_rakyat/status/1822449495826894990;58880688;pikiran_rakyat
1,82244E+18;Sun Aug 11 01:05:42 +0000 2024;0;Desainer: Desain Istana Garuda IKN Libatkan 44 Ahli Demi Keamanan: Desainer atau perancang Istana Garuda IKN ungkap desain tersebut melibatkan 44 orang ahli demi ciptakan aspek keamanan dan ketahanan bangunan yang akan jadi simbol nasional. https://t.co/yiMvbisvmf https://t.co/QPnvgPKspr;1,82244E+18;https://pbs.twimg.com/media/GUqazu3bcAAiNhX.jpg;;in;Pulo Gadung, Indonesia;1;0;0;https://x.com/tvOneNews/status/1822439215113830489;55507370;tvOneNews
1,82243E+18;Sun Aug 11 00:46:06 +0000 2024;1;Desain Istana Garuda IKN Libatkan 44 Ahli https://t.co/C2rpNCYAp2 #beritajogja #jogja #jogjaistimewa https://t.co/3vciM94OQC;1,82243E+18;https://pbs.twimg.com/media/GUqWUeRbgAAnVUw.jpg;;in;Yogyakarta, Indonesia;0;0;0;https://x.com/Harian_Jogja/status/1822434279701569778;118371948;Harian_Jogja
1,82243E+18;Sun Aug 11 00:25:06 +0000 2024;6;Desain Istana Garuda IKN Libatkan 44 Ahli Nyoman Nuarta: Mereka Sangka Segala Macam Saya yang Kerjakan https://t.co/6LyAcwW86F #beritasatu #news #berita;1,82243E+18;;;in;Jakarta;0;2;0;https://x.com/Beritasatu/status/1822428995386036356;154102750;Beritasatu
1,82243E+18;Sun Aug 11 00:19:11 +0000 2024;0;Desain Istana Garuda IKN Libatkan 44 Ahli Nyoman Nuarta:Mereka Sangka Segala Macam Saya yang Kerjakan https://t.co/a6MNuhjeRS #beritasatu #news #berita;1,82243E+18;;;in;Jakarta;0;1;0;https://x.com/Beritasatu/status/1822427509184733606;154102750;Beritasatu
1,82242E+18;Sun Aug 11 00:08:06 +0000 2024;5;Desain Istana Garuda IKN Dianggap Muram &amp;;;;;;;;;;;
1,82241E+18;Sat Aug 10 23:03:14 +0000 2024;5;Demi Keamanan Desain Istana Garuda IKN Libatkan 44 Ahli: Desainer atau perancang Istana Garuda Ibu Kota Nusantara (IKN) Nyoman Nuarta mengungkapkan bahwa desain istana tersebut melibatkan 44 orang ahli https://t.co/eKtSJkTHts https://t.co/1jlc9yWuQj;1,82241E+18;https://pbs.twimg.com/media/GUp-xwFaAAAe5l6.jpg;;in;Pulo Gadung, Indonesia;0;1;1;https://x.com/tvOneNews/status/1822408394743111859;55507370;tvOneNews
1,82241E+18;Sat Aug 10 23:01:20 +0000 2024;0;Desainer atau perancang Istana Garuda Ibu Kota Nusantara (IKN) Nyoman Nuarta mengungkapkan bahwa desain istana melibatkan 44 orang ahli demi menciptakan aspek keamanan dan ketahanan bangunan yang akan menjadi simbol nasional tersebut. https://t.co/Ajy1qeSzL8;1,82241E+18;;;in;Jawa Timur;0;0;0;https://x.com/ANTARAJatim_/status/1822407916223377825;1,55719E+18;ANTARAJatim_
1,8224E+18;Sat Aug 10 22:29:48 +0000 2024;0;Desainer: Desain Istana Garuda IKN melibatkan 44 ahli demi keamanan https://t.co/cwQcspLhAp;1,8224E+18;;;in;;0;0;0;https://x.com/Binsuscom/status/1822399982076670040;1,78657E+18;Binsuscom
1,8224E+18;Sat Aug 10 22:16:05 +0000 2024;0;Desainer: Desain Istana Garuda IKN melibatkan 44 ahli demi keamanan https://t.co/yDVUMM7imZ;1,8224E+18;;;in;Indonesia;0;0;0;https://x.com/indonews_xyz/status/1822396528172142685;1,76371E+18;indonews_xyz
1,82238E+18;Sat Aug 10 21:28:50 +0000 2024;0;Desainer: Makna desain Istana Garuda IKN memeluk untuk melindungi https://t.co/L3HTA3TfUo;1,82238E+18;;;in;;0;0;0;https://x.com/Binsuscom/status/1822384637806772562;1,78657E+18;Binsuscom
1,82232E+18;Sat Aug 10 17:00:29 +0000 2024;0;Nyoman Nuarta Jawab Kritikan soal Desain dan Kesan Mistis Istana Garuda di IKN https://t.co/04XcQCq8E8;1,82232E+18;;;in;Indonesia;0;0;0;https://x.com/MSNindonesia/status/1822317104336396408;262026799;MSNindonesia
1,82231E+18;Sat Aug 10 16:13:38 +0000 2024;1;Perancang bangunan desain Istana Garuda Ibu Kota Nusantara (IKN) Nyoman Nuarta mengatakan rancangan IKN tak memiliki kesamaan untuk menunjukkan kewibawaan bukan mengarah kepada aura mistis. #IKN https://t.co/l17JXGiyPQ;1,82231E+18;;;in;;0;0;1;https://x.com/heralddotID/status/1822305316777681262;1,69858E+18;heralddotID
1,82229E+18;Sat Aug 10 15:07:36 +0000 2024;5;Nyoman Nuarta Jawab Kritikan soal Desain dan Kesan Mistis Istana Garuda di IKN https://t.co/QMTUoqq08E;1,82229E+18;;;in;Indonesia;0;3;0;https://x.com/KompasTV/status/1822288697636884554;71436318;KompasTV
1,82226E+18;Sat Aug 10 13:03:06 +0000 2024;0;Tak Terima Istana Garuda IKN Disebut Mistis Nyoman Nuarta Buka Suara Katanya...: Tak terima disebut mistis desainer atau perancang Istana Garuda IKN Nyoman Nuarta ungkap desain Istana tersebut dirancang berbeda dan tak memiliki kesamaan. https://t.co/V9ZCyF33bk https://t.co/FG4IZcoA2m;1,82226E+18;https://pbs.twimg.com/media/GUn1az3aEAA0Fue.jpg;;in;Pulo Gadung, Indonesia;1;3;0;https://x.com/tvOneNews/status/1822257366714442053;55507370;tvOneNews
1,82223E+18;Sat Aug 10 11:00:07 +0000 2024;1;Desain Istana Garuda di Ibu Kota Nusantara (IKN) di Kalimantan Timur mendapat sindiran dari netizen. disebut mirip kelelawar lantaran warnanya hitam dan beraura mistis mirip kerajaan siluman kelelawar. https://t.co/XIXpXqY6in ___ #vivacoid #ikn https://t.co/RFUXunjcyY;1,82223E+18;https://pbs.twimg.com/media/GUnZRFTWsAAwFIj.jpg;;in;;2;1;0;https://x.com/VIVAcoid/status/1822226415753851130;41730943;VIVAcoid
1,82222E+18;Sat Aug 10 10:17:32 +0000 2024;1;Desain &amp;;;;;;;;;;;
1,82219E+18;Sat Aug 10 08:48:35 +0000 2024;0;Desain Istana Garuda IKN Viral di Medsos Desainernya Bilang Begini https://t.co/fv4U42FGxi https://t.co/2Marh5c4PY;1,82219E+18;https://pbs.twimg.com/media/GUm7KdsXcAEULR2.jpg;;in;Solo, Central Java, Indonesia;0;0;0;https://x.com/soloposdotcom/status/1822193314818306297;155169715;soloposdotcom
1,82218E+18;Sat Aug 10 08:05:29 +0000 2024;1;Nyoman Nuarta: Esensi Desain Istana Garuda IKN Satukan 1.300 Suku di RI https://t.co/WnEjPaaywY;1,82218E+18;;;in;Kota Surabaya, Jawa Timur;1;2;0;https://x.com/e100ss/status/1822182468146864458;848614550;e100ss
1,82218E+18;Sat Aug 10 08:01:50 +0000 2024;0;https://t.co/rv2Q5jdoRI Esensi desain Istana Garuda IKN satukan 1300 suku di Indonesia;1,82218E+18;;;in;Jl. RTA Milono Km 2,5 Palangka;0;0;0;https://x.com/Antara_Kalteng/status/1822181547467788310;2421788773;Antara_Kalteng
1,82217E+18;Sat Aug 10 06:59:32 +0000 2024;15;Anggota Komisi V DPR RI dari Fraksi PKS Toriq Hidayat meminta Pemerintah memperhatikan komentar dari masyarakat terkait konstruksi Istana Garuda di IKN yang dinilai tak sesuai dengan desain awal. #fraksipksdprri #PKSpembelaRakyat #PKS https://t.co/NksiDP8UJD;1,82217E+18;https://pbs.twimg.com/media/GUmiMpiWwAAOWq_.jpg;;in;Jakarta Capital Region;0;1;3;https://x.com/FPKSDPRRI/status/1822165871369900261;91255162;FPKSDPRRI
1,82215E+18;Sat Aug 10 05:38:25 +0000 2024;2;Please netizen jgn julid desain istana IKN! Desain dan karya arsitektur Istana Garuda di IKN tentu menjadi salah satu kebanggaan nasional kata Menkominfo Budi Arie Setiadi di kantor Kementerian Kominfo Jumat 9 Agustus 2024. #JudolPenipuan https://t.co/kT1GigwFVM;1,82215E+18;;;in;Kota Medan, Sumatera Utara;1;1;1;https://x.com/Boyzneboyzone/status/1822145457163846016;143343199;Boyzneboyzone
1,82208E+18;Sat Aug 10 01:14:10 +0000 2024;0;Desain Istana Garuda di Ibu Kota Negara (IKN) Nusantara Kalimantan Timur mendapatkan perhatian dan sindiran dari netizen dalam sepekan terakhir. Kri... https://t.co/zHivac4cXB;1,82208E+18;;;in;;0;0;0;https://x.com/inilahdotcom/status/1822078956381897197;46693036;inilahdotcom
1,82204E+18;Fri Aug 09 22:55:33 +0000 2024;1;Alih alih ingin menunjukan bahwa pembangunan IKN sukses satu saja yg bikin netizen heboh dan jadi viral yaitu tampilan Istana Garuda banyk yg komen seperti Istana Kelelawar dngn aura mistis nya. Entah salah desain atau yg ngerjain gak becus. Auranya jadi aur2an Pagi syahdu;1,82204E+18;;;in;üìçwakanda ;0;0;0;https://x.com/moc4B3nt0/status/1822044070505804252;1,75042E+18;moc4B3nt0
1,82194E+18;Fri Aug 09 15:46:38 +0000 2024;9; Desain dan karya arsitektur Istana Garuda di IKN tentu menjadi salah satu kebanggaan nasional kata Menkominfo Budi Arie Setiadi di kantor Kementerian @kemkominfo Jumat 9 Agustus 2024. #projo #jokowi #IndonesiaEmas https://t.co/GOLPkwkL8g;1,82194E+18;https://pbs.twimg.com/media/GUjRQXOWwAAAfEf.jpg;;in;Jakarta Capital Region, Indone;0;0;8;https://x.com/Projo_Pusat/status/1821936131430346873;300807131;Projo_Pusat
1,82186E+18;Fri Aug 09 10:27:00 +0000 2024;0;Desain Istana Negara di IKN Nusantara menjadi sorotan publik mulai dari bentuk hingga warna. Gedung tersebut tampak berbeda dari desain awal lantaran memiliki warna cokelat. Menanggapi hal tersebut warna Burung Garuda yang ada di gedung Istana Negara akan berubah warna. (ist) https://t.co/VvjlJZmtiK;1,82186E+18;https://pbs.twimg.com/ext_tw_video_thumb/1821786307170914304/pu/img/5PLcZNF-iU3Za2QD.jpg;;in;Indonesia;0;0;0;https://x.com/tribunnews/status/1821855692493349183;124171593;tribunnews
1,8218E+18;Fri Aug 09 07:01:07 +0000 2024;0;Terkini: HUT Kemerdekaan RI KAI Tawarkan Diskon Tiket 21 Persen Warganet Kritik Desain Istana Garuda IKN Mirip Kelelawar. PT Kereta Api Indonesia (Persero) atau KAI menghadirkan promo potongan harga tiket dalam rangka peringatan HUT Kemerdekaan RI ke-79. https://t.co/mjZvvPQIcG;1,8218E+18;;;in;d í…ôm…™r…ôÀàwa…™;0;0;0;https://x.com/drafdigital/status/1821803883087180235;7540702;drafdigital
1,8218E+18;Fri Aug 09 06:59:37 +0000 2024;0;Sejumlah pihak dan netizen menilai bahwa bentuk desain Istana Garuda di IKN mirip kelelawar dan memiliki aura mistis. https://t.co/kIGR0CKVhC https://t.co/zO8ZKACzsm;1,8218E+18;https://pbs.twimg.com/media/GUhX9VtbIAAnEQ5.jpg;;in;Indonesia;0;0;0;https://x.com/indoinsidenews/status/1821803502689251405;1,08611E+18;indoinsidenews
1,8218E+18;Fri Aug 09 06:45:06 +0000 2024;0;Terkini: HUT Kemerdekaan RI KAI Tawarkan Diskon Tiket 21 Persen Warganet Kritik Desain Istana Garuda IKN Mirip Kelelawar https://t.co/MOfcxDd3VP #TempoBisnis;1,8218E+18;;;in;Indonesia;0;0;0;https://x.com/tempodotco/status/1821799849182031922;18129942;tempodotco
1,82179E+18;Fri Aug 09 06:14:30 +0000 2024;130;Markas Betmen Desain Istana Garuda di IKN Nusantara menuai gaduh dan banyak kritik di media sosial. Alih-alih berbentuk seperti lambang negara RI para warganet menilai tempat presiden berkantor itu kini lebih menyerupai kelelawar.. https://t.co/aCK8IGUGhi;1,82179E+18;https://pbs.twimg.com/ext_tw_video_thumb/1821792094425354240/pu/img/e37Kvd79GLF_loAk.jpg;;in;Indiana, USA;7;54;46;https://x.com/blackshark7890/status/1821792151069716543;1,73524E+18;blackshark7890
1,82179E+18;Fri Aug 09 05:46:06 +0000 2024;0;Mengenal Istana Garuda IKN dan Makna Desain Bangunannya https://t.co/XtyD7SSkvv;1,82179E+18;;;in;Indonesia;0;0;0;https://x.com/TirtoID/status/1821785001412968602;4187275698;TirtoID
1,82175E+18;Fri Aug 09 03:35:06 +0000 2024;0;Desain Istana Garuda IKN Dikritik Mirip Kelelawar Bagaimana dengan Istana Wapres? Istana Wakil Presiden di IKN akan mulai dibangun pada 12 Agustus mendatang bagaimana desainnya? https://t.co/bPQHoPxEOl;1,82175E+18;;;in;d í…ôm…™r…ôÀàwa…™;0;0;0;https://x.com/drafdigital/status/1821752034514682215;7540702;drafdigital
1,82174E+18;Fri Aug 09 03:18:38 +0000 2024;23;@KuntoAjiW Yang bilang istana garuda IKN udah selesai dan resmi siapa? proyek IKN ini jangka panjang Pak Nyoman juga bilang kalo nantinya warna istana garuda bakal sesuai desain awal kayak patung GWK. https://t.co/MMTG3l6iPG;1,82175E+18;https://pbs.twimg.com/media/GUgmC9ta8AIedJw.jpg;KuntoAjiW;in;;1;15;2;https://x.com/yaelahblink/status/1821747890668367957;1,04713E+18;yaelahblink
1,82175E+18;Fri Aug 09 03:09:04 +0000 2024;1;Desain Istana Garuda IKN Dikritik Mirip Kelelawar Bagaimana dengan Istana Wapres? https://t.co/dRq4qbYpQR #TempoBisnis;1,82175E+18;;;in;Indonesia;0;0;0;https://x.com/tempodotco/status/1821745484345831859;18129942;tempodotco
1,82158E+18;Thu Aug 08 15:55:48 +0000 2024;0;Menanggapi hal ini Menteri PUPR Basuki Hadimuljono menegaskan desain Istana Garuda IKN tidak akan mengalami perubahan. Ia mengatakan bangunan tersebut akan sama sepert desain akhir yang dibuat arsitek I Nyoman Nuarta.;1,82158E+18;;dstsfrs;in;;0;1;0;https://x.com/dstsfrs/status/1821576051706966417;1,81902E+18;dstsfrs
1,82153E+18;Thu Aug 08 12:33:41 +0000 2024;118;bangsa Indonesia ke dalam setiap detail desain Istana Garuda.. Buat para pembenci...nggak ada yg bagus... Makin melihat perkembangan kemajuan IKN semakin memburuk kondisi hati dan pikiran para pembenci.. ;1,82153E+18;;zy_zy_lestary;in;DKI Jakarta, Indonesia;2;33;1;https://x.com/zy_zy_lestary/status/1821525186686197969;1,53015E+18;zy_zy_lestary
1,8215E+18;Thu Aug 08 11:28:25 +0000 2024;0;@tamrintomagola Burung Garuda itu desainnya dibuat oleh orang Kalimantan. Desain istana negara ikn itu dibuat orang Bali. Dimana jawanya?;1,82151E+18;;tamrintomagola;in;Bekasi, Jawa Barat;0;0;0;https://x.com/robby_karman/status/1821508763477823975;176586074;robby_karman
1,82147E+18;Thu Aug 08 08:51:08 +0000 2024;267;Istana Garuda Ibu Kota Negara (IKN) Nusantara dikritik warganet karena menyerupai kelelawar yang cenderung menimbulkan kesan suram. I Nyoman Nuarta adalah arsitek yang merancang desain Istana Garuda di IKN. #tempodotco #tempo #infografis #profil #arsitek #IKN #Nusantara https://t.co/A3YUNLmctb;1,82147E+18;https://pbs.twimg.com/media/GUcobtPbIAA3teu.jpg;;in;Indonesia;168;124;52;https://x.com/tempodotco/status/1821469181918998592;18129942;tempodotco
1,82146E+18;Thu Aug 08 08:33:57 +0000 2024;17;Ini kritik terhadap desain Istana Garuda yang sangat valid rangka selubungnya terekspos banget kalau dilihat dari depan. Ngelihat istana di IKN jadi serasa ngelihat scaffolding (perancah) raksasa. https://t.co/Hp7Fs0GSIj;1,82146E+18;https://pbs.twimg.com/media/GUcknraXcAALD00.jpg;;in;Kalimantan Barat, Indonesia;0;3;3;https://x.com/FuzaFirdaus/status/1821464854420676827;9,01E+17;FuzaFirdaus
1,8212E+18;Wed Aug 07 15:13:33 +0000 2024;0;Uniknya Desain Istana Garuda IKN Bakal Teroksidasi dan Berubah Warna Jadi Hijau https://t.co/HOcQLE0mV5;1,8212E+18;https://pbs.twimg.com/media/GUY2dYnaAAA6-LW.jpg;;in;;0;0;0;https://x.com/yulitasari33902/status/1821203029544333798;1,78178E+18;yulitasari33902
1,82116E+18;Wed Aug 07 12:02:55 +0000 2024;1;Basuki Buka Suara Tentang Kritik Desain Istana Garuda di IKN Tidak Berubah https://t.co/GSbJnTHehM lewat @Keuangan News;1,82116E+18;;;in;;0;0;1;https://x.com/keuangannews_id/status/1821155054629613986;1,22644E+18;keuangannews_id
1,82108E+18;Wed Aug 07 07:20:00 +0000 2024;0;#NewslineMetroTV Pemerintah merespons komentar desain Istana Garuda di IKN Link streaming : https://t.co/02eAzQ1kPh https://t.co/NnqbwMPFH2;1,82108E+18;https://pbs.twimg.com/media/GUXHT47aQAAe7GP.jpg;;in;;0;0;0;https://x.com/Metro_TV/status/1821083856956747910;57261519;Metro_TV
1,82106E+18;Wed Aug 07 05:27:11 +0000 2024;2;Basuki Hadimuljono Jawab Kritik Desain Istana Garuda IKN https://t.co/43mvrEVG44;1,82106E+18;;;in;Indonesia;0;0;0;https://x.com/KompasTV/status/1821055465830416592;71436318;KompasTV
1,82103E+18;Wed Aug 07 03:36:41 +0000 2024;0;Ternyata desain Istana Garuda di IKN memiliki makna seperti ini loh! https://t.co/6lWE0kOTAr;1,82103E+18;;;in;Jakarta, Indonesia;0;0;0;https://x.com/Dreamcoid/status/1821027657565282597;2462686290;Dreamcoid
1,82094E+18;Tue Aug 06 21:31:29 +0000 2024;1;Desain Istana Garuda IKN Disebut Mirip Kelelawar Ini Respons Menteri PUPR https://t.co/C2LsDnLZ5l;1,82094E+18;;;in;Indonesia;0;0;0;https://x.com/BeritakanID_com/status/1820935753834144234;1,51248E+18;BeritakanID_com
1,82089E+18;Tue Aug 06 18:41:55 +0000 2024;18;Desain Istana Garuda IKN Disebut Mirip Kelelawar Ini Respons Menteri PUPR https://t.co/VAufW2eJNx;1,82089E+18;;;in;;0;0;15;https://x.com/OposisiCerdas/status/1820893081715274125;8,87744E+17;OposisiCerdas
1,82088E+18;Tue Aug 06 17:57:03 +0000 2024;0;Akhir ini lumayan ramai soal bentuk Garuda Istana IKN. Warganet cukup dibuat heran dengan bentuknya markas batman? kerajaan siluman kelelawar? dll #Berpandangan soal desain menurutku Indonesia ini keren percaya bahwa suatu saat nanti akan jadi bangsa yang patut-;1,82088E+18;;;in;Yogyakarta, Indonesia;0;1;0;https://x.com/resistorac/status/1820881787738058906;1,56609E+18;resistorac
1,8208E+18;Tue Aug 06 12:46:00 +0000 2024;106;Basuki Respons Kritik soal Desain Istana Garuda IKN: Nanti Jadi Hijau https://t.co/fZEEJFpzNO;1,8208E+18;;;in;;20;85;19;https://x.com/CNNIndonesia/status/1820803509429920186;17128975;CNNIndonesia
1,8208E+18;Tue Aug 06 12:30:37 +0000 2024;1; Kalau menurut Pak Nyoman Nuarta (pembuat desain patung garuda di Istana IKN) itu kalau nanti kena oksidasi itu jadi hijau seperti GWK kata Basuki dijumpai di Kementerian Sekretariat Negara Jakarta Selasa (6/8/2024). https://t.co/yyKMP7oIOb;1,8208E+18;;;in;Jakarta - Indonesia;0;0;0;https://x.com/mediaindonesia/status/1820799640037695937;68930552;mediaindonesia
1,82079E+18;Tue Aug 06 12:00:58 +0000 2024;3;Merespons desain Istana Garuda IKN disebut mirip kelelawar Menteri PUPR Basuki Hadimuljono mengatakan sayap garuda dibuat hitam mirip rancangan Garuda Wisnu Kencana (GWK) di Bali. #bisnisupdate #update #bisnis #quote https://t.co/24kt4Miupw https://t.co/f4agg5py8V;1,82079E+18;https://pbs.twimg.com/media/GUTAsirWwAArdVu.jpg;;in;;1;5;0;https://x.com/kumparan/status/1820792177514954759;7,59693E+17;kumparan
1,82044E+18;Mon Aug 05 12:40:05 +0000 2024;2;Sejarah desain Istana Garuda di IKN dari versi pertama hingga keempat (final). https://t.co/QgDCvOcS6h;1,82044E+18;;FuzaFirdaus;in;Kalimantan Barat, Indonesia;0;0;0;https://x.com/FuzaFirdaus/status/1820439632200585249;9,01E+17;FuzaFirdaus
1,81997E+18;Mon Aug 05 10:05:43 +0000 2024;0;@najikedua iyaa kalo ga salah desain istana ini fully scraped deh ganti sama buatan nyoman sepaket sama istananya (yang pilar pilar depan garuda) tapi konsep kotanya masih didesain sama urban+. tapi aing ga tau di ikn ada gedung apa ajanya dan desainnya g;1,8204E+18;;najikedua;in;di bawah lindungan doa mama;0;1;0;https://x.com/pengendaramesin/status/1820400786897314247;7,88977E+17;pengendaramesin
1,8182E+18;Tue Jul 30 08:22:05 +0000 2024;0;Dengan desain yang unik dan simbolik Istana Garuda diharapkan menjadi salah satu bangunan ikonik yang membanggakan Indonesia. #IKN #IstanaGaruda;1,8182E+18;;AboutIKN;in;Kalimantan Timur;0;0;0;https://x.com/AboutIKN/status/1818200378711879795;8,05077E+17;AboutIKN
1,8182E+18;Tue Jul 30 08:17:55 +0000 2024;0;Filosofi desain Istana Garuda mencerminkan sinergi antara seni sains dan teknologi serta melambangkan persatuan Indonesia dengan berbagai keberagaman adat dan agama. #IKN #IstanaGaruda;1,8182E+18;;AboutIKN;in;Kalimantan Timur;0;1;0;https://x.com/AboutIKN/status/1818199329422889436;8,05077E+17;AboutIKN
1,8182E+18;Tue Jul 30 08:17:16 +0000 2024;0;Desain Istana Garuda dibuat oleh Nyoman Nuarta dengan bentuk burung Garuda yang mengepakkan sayap. Desain ini merupakan salah satu bagian dari Istana Kepresidenan Nusantara yang luasnya 55 7 hektar. #DesainIkonik #NyomanNuarta;1,8182E+18;;AboutIKN;in;Kalimantan Timur;0;1;0;https://x.com/AboutIKN/status/1818199165031383501;8,05077E+17;AboutIKN
1,81745E+18;Sun Jul 28 06:53:31 +0000 2024;0;Agak kurang sreg sama desain Istana ikn yg bentuk burung Garuda itu. Kenapa kepala garudanya nunduk? Pdhl kalau kepalanya tegak kelihatan lebih berani dan sangar;1,81745E+18;;;in;;0;0;0;https://x.com/Desi_Yunika/status/1817453312712810499;484540019;Desi_Yunika
1,81197E+18;Sat Jul 13 04:32:01 +0000 2024;142;Desain dari fasad burung garuda ini memiliki tinggi 77 7 meter yang dibuat menjadi 16-17 segmen yg akan dibalut oleh bilah burung garuda. Apakah itu bilah burung garuda? Bilah tersebut merupakan secondary skin yg menjadi fasad dari exterior Istana Presiden di IKN ini https://t.co/DXTvP8KboR;1,81198E+18;https://pbs.twimg.com/media/GSVz6f0WQAAuKv5.jpg;ipunk_baik;in;folkandspace@gmail.com;4;5;8;https://x.com/ipunk_baik/status/1811981885016596783;44568999;ipunk_baik
1,73766E+18;Thu Dec 21 02:05:20 +0000 2023;1602;Bilah-bilah Garuda yang menjadi ciri khas Istana Kepresidenan di Ibu Kota Nusantara sebagian sudah terpasang. Saat datang meninjau pagi ini di lokasi pembangunan istana saya melihat keseluruhan pekerjaan dari fasilitas hingga desain bangunan kompleks Istana Kepresidenan di IKN https://t.co/AK9nz0mf75;1,73766E+18;https://pbs.twimg.com/media/GB1kbQEakAA8t6j.jpg;;in;Jakarta;16;327;197;https://x.com/jokowi/status/1737655461049233744;366987179;jokowi
1,70799E+18;Sat Sep 30 05:31:19 +0000 2023;1;Istana Presiden IKN punya desain berbentuk burung garuda yang sedang mengepakkan sayap. Target rampung sebelum 17 Agustus 2024. Ini dia desainernya. https://t.co/4iLzDQjXAg;1,70799E+18;;;in;Jakarta, Indonesia;0;0;0;https://x.com/detikfinance/status/1707991494781469172;135795460;detikfinance
1,68555E+18;Sun Jul 30 07:28:43 +0000 2023;0;Patung Garuda yang menjadi ikon Istana Kepresidenan di Ibu Kota Negara (IKN) Nusantara masih dalam tahap pengerjaan. Desain karya seniman I Nyoman Nuarta itu akan memiliki bobot setara 290 gajah dewasa. Selangkapnya di https://t.co/LZXomhYYR7 #DiscoverYourSpace #garuda #ikn https://t.co/e7Rq9wzqtZ;1,68555E+18;https://pbs.twimg.com/media/F2RJgufbUAA39ET.jpg;;in;;0;0;0;https://x.com/ekschoolid/status/1685552989573103617;1,66214E+18;ekschoolid
1,67395E+18;Wed Jun 28 07:15:45 +0000 2023;0;Pelat baja tersebut akan digunakan untuk memproduksi instalasi desain Garuda di lokasi Istana Kepresidenan IKN yang desainnya dibuat oleh pematung Indonesia dan salah satu pelopor gerakan seni rupa baru I Nyoman Nuarta. https://t.co/KBRPOHNdhE https://t.co/ENX2ZEFaUs;1,67395E+18;https://pbs.twimg.com/media/FzsTq4uaEAEIif1.jpg;;in;;0;0;0;https://x.com/militannkri01/status/1673953316324392962;1,12823E+18;militannkri01
1,67224E+18;Fri Jun 23 13:32:58 +0000 2023;0;Pelat baja tersebut akan digunakan untuk memproduksi instalasi desain Garuda di lokasi Istana Kepresidenan IKN yang desainnya dibuat oleh pematung Indonesia dan salah satu pelopor gerakan seni rupa baru I Nyoman Nuarta. https://t.co/4kOCs1IgYn;1,67224E+18;;;in;;0;0;0;https://x.com/Mockingjacks_/status/1672236304720072704;609020935;Mockingjacks_
1,67187E+18;Thu Jun 22 13:28:03 +0000 2023;4;Pelat baja yang dipasok Krakatau Steel akan digunakan untuk bikin instalasi desain Garuda di lokasi Istana Kepresidenan IKN yang dibuat desainnya Nyoman Nuarta. #bisnisupdate #update #bisnis #text https://t.co/F9ZSssFHZe;1,67187E+18;;;in;;1;1;1;https://x.com/kumparan/status/1671872681963290624;7,59693E+17;kumparan
